callsign,lat,lon,website,logo
WIVT,42.06091,-75.94297,http://www.newschannel34.com,https://publicfiles.fcc.gov/api/manager/download/entity/logo/11260/tv
KXOF-CD,27.5203,-99.52226,http://www.mylaredofox.com,https://publicfiles.fcc.gov/api/manager/download/entity/logo/11699/tv
KPEJ-TV,32.09762,-102.28959,http://www.YourBasin.com,https://publicfiles.fcc.gov/api/manager/download/entity/logo/12524/tv
WSTM-TV,42.94501,-76.11842,http://www.CNYCentral.com,https://publicfiles.fcc.gov/api/manager/download/entity/logo/21252/tv
WTAJ-TV,40.56701,-78.4414,http://wearecentralpa.com/,https://publicfiles.fcc.gov/api/manager/download/entity/logo/23341/tv
WWUP-TV,46.06002,-84.09918,http://www.9and10news.com,https://publicfiles.fcc.gov/api/manager/download/entity/logo/26993/tv
KDBC-TV,31.79622,-106.48304,http://www.cbs4local.com,https://publicfiles.fcc.gov/api/manager/download/entity/logo/33764/tv
WTVW,38.02421,-87.36195,http://tristatehomepage.com/,https://publicfiles.fcc.gov/api/manager/download/entity/logo/3661/tv
WOFL,28.60389,-81.08617,http://www.myfoxorlando.com/,https://publicfiles.fcc.gov/api/manager/download/entity/logo/41225/tv
WCIA,40.10587,-88.45006,http://illinoishomepage.net/,https://publicfiles.fcc.gov/api/manager/download/entity/logo/42124/tv
KCNC-TV,39.73082,-105.23221,http://www.cbsdenver.com,https://publicfiles.fcc.gov/api/manager/download/entity/logo/47903/tv
WCCB,35.26736,-80.73424,http://www.wccbcharlotte.com,https://publicfiles.fcc.gov/api/manager/download/entity/logo/49157/tv
KDFX-CD,33.86613,-116.43473,http://www.kesq.com/kdfx,https://publicfiles.fcc.gov/api/manager/download/entity/logo/51207/tv
KLJB,41.31226,-90.37929,http://www.OurQuadCities.com,https://publicfiles.fcc.gov/api/manager/download/entity/logo/54011/tv
WRSP-TV,39.79921,-89.4462,http://www.foxillinois.com,https://publicfiles.fcc.gov/api/manager/download/entity/logo/62009/tv
WLS-TV,41.87892,-87.63561,http://www.abc7chicago.com,https://publicfiles.fcc.gov/api/manager/download/entity/logo/73226/tv
WROC-TV,43.13562,-77.58361,http://rochesterfirst.com,https://publicfiles.fcc.gov/api/manager/download/entity/logo/73964/tv
WVTM-TV,33.49066,-86.79666,http://www.alabamas13.com,https://publicfiles.fcc.gov/api/manager/download/entity/logo/74173/tv
KMIR-TV,33.86668,-116.4339,http://www.NBCPalmSprings.com,https://publicfiles.fcc.gov/api/manager/download/entity/logo/16749/tv
KLST,31.36711,-100.04702,http://conchovalleyhomepage.com,https://publicfiles.fcc.gov/api/manager/download/entity/logo/31114/tv
KBAK-TV,35.45301,-118.5912,http://www.bakersfieldnow.com,https://publicfiles.fcc.gov/api/manager/download/entity/logo/4148/tv
KOLD-TV,32.41563,-110.71509,http://www.tucsonnewsnow.com,https://publicfiles.fcc.gov/api/manager/download/entity/logo/48663/tv
KFDA-TV,35.29283,-101.84546,http://www.newschannel10.com,https://publicfiles.fcc.gov/api/manager/download/entity/logo/51466/tv
KBFX-CD,35.45301,-118.5912,http://www.bakersfieldnow.com,https://publicfiles.fcc.gov/api/manager/download/entity/logo/51501/tv
WKBD-TV,42.48365,-83.31215,http://cwdetroit.cbslocal.com,https://publicfiles.fcc.gov/api/manager/download/entity/logo/51570/tv
WDIV-TV,42.48281,-83.20521,http://www.clickondetroit.com,https://publicfiles.fcc.gov/api/manager/download/entity/logo/53114/tv
KGPE,37.0705,-119.42708,http://www.yourcentralvalley.com,https://publicfiles.fcc.gov/api/manager/download/entity/logo/56034/tv
WEWS-TV,41.37394,-81.71763,http://www.news5cleveland.com,https://publicfiles.fcc.gov/api/manager/download/entity/logo/59441/tv
KTAB-TV,32.27735,-99.59786,http://bigcountryhomepage.com,https://publicfiles.fcc.gov/api/manager/download/entity/logo/59988/tv
KAUZ-TV,33.90121,-98.5395,http://www.newschannel6now.com,https://publicfiles.fcc.gov/api/manager/download/entity/logo/6864/tv
KODE-TV,37.07701,-94.53773,http://fourstateshomepage.com/,https://publicfiles.fcc.gov/api/manager/download/entity/logo/18283/tv
KRBC-TV,32.27735,-99.59786,http://bigcountryhomepage.com/,https://publicfiles.fcc.gov/api/manager/download/entity/logo/306/tv
KLBK-TV,33.52592,-101.86905,http://everythinglubbock.com/,https://publicfiles.fcc.gov/api/manager/download/entity/logo/3660/tv
WCCO-TV,45.06219,-93.13939,http://minnesota.cbslocal.com/,https://publicfiles.fcc.gov/api/manager/download/entity/logo/9629/tv
KCCW-TV,46.93468,-94.45555,http://minnesota.cbslocal.com/,https://publicfiles.fcc.gov/api/manager/download/entity/logo/9640/tv
KPSP-CD,33.86557,-116.43362,,https://publicfiles.fcc.gov/api/manager/download/entity/logo/10535/tv
KTFT-LD,42.72991,-114.41921,,https://publicfiles.fcc.gov/api/manager/download/entity/logo/167056/tv
KSVT-LD,42.72963,-114.41532,,https://publicfiles.fcc.gov/api/manager/download/entity/logo/167735/tv
K25OM-D,34.48891,-112.53823,,https://publicfiles.fcc.gov/api/manager/download/entity/logo/168334/tv
KKTQ-LD,41.14859,-104.95664,,https://publicfiles.fcc.gov/api/manager/download/entity/logo/185075/tv
KXTU-LD,38.74527,-104.86164,,https://publicfiles.fcc.gov/api/manager/download/entity/logo/22681/tv
K13AV-D,38.52819,-106.90465,,https://publicfiles.fcc.gov/api/manager/download/entity/logo/25644/tv
K14IO-D,44.31165,-100.35319,,https://publicfiles.fcc.gov/api/manager/download/entity/logo/28499/tv
KHBB-LD,46.76994,-112.02361,,https://publicfiles.fcc.gov/api/manager/download/entity/logo/34413/tv
KBNZ-LD,44.07728,-121.33353,,https://publicfiles.fcc.gov/api/manager/download/entity/logo/35384/tv
KIMA-TV,46.53263,-120.51034,,https://publicfiles.fcc.gov/api/manager/download/entity/logo/56033/tv
KSAW-LD,42.72935,-114.41559,,https://publicfiles.fcc.gov/api/manager/download/entity/logo/59256/tv
KNXV-TV,33.33338,-112.06348,,https://publicfiles.fcc.gov/api/manager/download/entity/logo/59440/tv
KTNL-TV,57.04992,-135.33621,,https://publicfiles.fcc.gov/api/manager/download/entity/logo/60519/tv
KGWL-TV,42.89524,-108.72678,,https://publicfiles.fcc.gov/api/manager/download/entity/logo/63162/tv
KGWR-TV,41.43913,-109.11235,,https://publicfiles.fcc.gov/api/manager/download/entity/logo/63170/tv
KGWC-TV,42.74052,-106.36003,,https://publicfiles.fcc.gov/api/manager/download/entity/logo/63177/tv
KXDF-CD,64.92179,-147.71771,,https://publicfiles.fcc.gov/api/manager/download/entity/logo/64596/tv
KAEF-TV,40.72735,-123.97255,,https://publicfiles.fcc.gov/api/manager/download/entity/logo/8263/tv
KVCW,36.00775,-115.00749,http://www.thecwlasvegas.tv/,https://publicfiles.fcc.gov/api/manager/download/entity/logo/10195/tv
WFXR,37.19661,-80.15407,http://www.virginiafirst.com/,https://publicfiles.fcc.gov/api/manager/download/entity/logo/24813/tv
KWES-TV,31.98817,-102.87849,http://www.newswest9.com/,https://publicfiles.fcc.gov/api/manager/download/entity/logo/42007/tv
KWAB-TV,32.28206,-101.49318,http://www.newswest9.com/,https://publicfiles.fcc.gov/api/manager/download/entity/logo/42008/tv
KGNS-TV,27.67279,-99.66449,http://www.kgns.tv,https://publicfiles.fcc.gov/api/manager/download/entity/logo/10061/tv
WKRC-TV,39.11645,-84.50189,http://Local12.com,https://publicfiles.fcc.gov/api/manager/download/entity/logo/11289/tv
WBUI,39.94893,-88.83674,http://www.cw23tv.com,https://publicfiles.fcc.gov/api/manager/download/entity/logo/16363/tv
K09YI-D,44.24304,-105.53917,http://kotatv.com,https://publicfiles.fcc.gov/api/manager/download/entity/logo/167560/tv
WABI-TV,44.70332,-69.07915,http://www.wabi.tv,https://publicfiles.fcc.gov/api/manager/download/entity/logo/17005/tv
KSGW-TV,44.62219,-107.11646,http://kotatv.com,https://publicfiles.fcc.gov/api/manager/download/entity/logo/17680/tv
WSVF-CD,38.3929,-78.77002,http://www.whsv.com,https://publicfiles.fcc.gov/api/manager/download/entity/logo/190915/tv
WMC-TV,35.16926,-89.8862,http://www.wmctv.com,https://publicfiles.fcc.gov/api/manager/download/entity/logo/19184/tv
KBSI,37.40644,-89.56232,http://www.kbsi23.com,https://publicfiles.fcc.gov/api/manager/download/entity/logo/19593/tv
WTTG,38.95622,-77.08276,http://www.fox5dc.com,https://publicfiles.fcc.gov/api/manager/download/entity/logo/22207/tv
WKYT-TV,38.0398,-84.40271,http://www.wkyt.com,https://publicfiles.fcc.gov/api/manager/download/entity/logo/24914/tv
WBRL-CD,30.32631,-91.27678,http://brproud.com,https://publicfiles.fcc.gov/api/manager/download/entity/logo/24976/tv
WGGB-TV,42.24176,-72.6487,http://www.wggb.com,https://publicfiles.fcc.gov/api/manager/download/entity/logo/25682/tv
KOTA-TV,44.06665,-103.25074,http://kotatv.com,https://publicfiles.fcc.gov/api/manager/download/entity/logo/34347/tv
KHQ-TV,47.58101,-117.29743,http://www.khq.com,https://publicfiles.fcc.gov/api/manager/download/entity/logo/34537/tv
KTVB,43.75433,-116.09984,http://www.ktvb.com/,https://publicfiles.fcc.gov/api/manager/download/entity/logo/34858/tv
WXIX-TV,39.122,-84.54772,http://www.fox19.com,https://publicfiles.fcc.gov/api/manager/download/entity/logo/39738/tv
WTXL-TV,30.66853,-83.96933,http://www.wtxl.tv,https://publicfiles.fcc.gov/api/manager/download/entity/logo/41065/tv
WNEM-TV,43.47058,-83.8433,http://www.wnem.com,https://publicfiles.fcc.gov/api/manager/download/entity/logo/41221/tv
KPHO-TV,33.33394,-112.06181,http://cbs5az.com,https://publicfiles.fcc.gov/api/manager/download/entity/logo/41223/tv
WFXV,43.14535,-75.176,http://cnyhomepage.com/,https://publicfiles.fcc.gov/api/manager/download/entity/logo/43424/tv
WYDC,42.29229,-77.67388,http://www.wydctv.com,https://publicfiles.fcc.gov/api/manager/download/entity/logo/43451/tv
WHNT-TV,34.7387,-86.53221,http://www.whnt.com,https://publicfiles.fcc.gov/api/manager/download/entity/logo/48693/tv
KTVA,61.19195,-149.90251,http://www.ktva.com/,https://publicfiles.fcc.gov/api/manager/download/entity/logo/49632/tv
KSAT-TV,29.26996,-98.2589,http://www.ksat.com,https://publicfiles.fcc.gov/api/manager/download/entity/logo/53118/tv
WSLS-TV,37.20097,-80.1481,http://www.wsls.com,https://publicfiles.fcc.gov/api/manager/download/entity/logo/57840/tv
KCVU,39.96349,-121.71165,http://kcvufox20.com,https://publicfiles.fcc.gov/api/manager/download/entity/logo/58605/tv
WREG-TV,35.1812,-89.83231,http://www.wreg.com,https://publicfiles.fcc.gov/api/manager/download/entity/logo/66174/tv
KWCH-DT,38.06046,-97.7638,http://www.kwch.com,https://publicfiles.fcc.gov/api/manager/download/entity/logo/66413/tv
WEVV-TV,37.8881,-87.54362,http://www.wevv.com,https://publicfiles.fcc.gov/api/manager/download/entity/logo/72041/tv
WQAD-TV,41.3124,-90.37963,http://www.wqad.com,https://publicfiles.fcc.gov/api/manager/download/entity/logo/73319/tv
WCOV-TV,31.9746,-86.16218,http://www.wcov.com,https://publicfiles.fcc.gov/api/manager/download/entity/logo/73642/tv
WTEN,42.62536,-74.01013,http://www.news10.com,https://publicfiles.fcc.gov/api/manager/download/entity/logo/74422/tv
WGFL,29.62997,-82.57317,http://www.mycbs4.com,https://publicfiles.fcc.gov/api/manager/download/entity/logo/7727/tv
KRII,47.86076,-92.94629,http://www.nncnow.com,https://publicfiles.fcc.gov/api/manager/download/entity/logo/82698/tv
WPFO,44.15424,-70.00977,http://FOX23Maine.com,https://publicfiles.fcc.gov/api/manager/download/entity/logo/84088/tv
WRAL-TV,35.67488,-78.5275,http://www.wral.com,https://publicfiles.fcc.gov/api/manager/download/entity/logo/8688/tv
KNAZ-TV,34.96835,-111.50848,http://www.azcentral.com/12news/,https://publicfiles.fcc.gov/api/manager/download/entity/logo/24749/tv
WXIN,39.88893,-86.20193,,https://publicfiles.fcc.gov/api/manager/download/entity/logo/146/tv
WFUP,45.17001,-84.75115,,https://publicfiles.fcc.gov/api/manager/download/entity/logo/25395/tv
KRWF,44.48412,-95.49112,,https://publicfiles.fcc.gov/api/manager/download/entity/logo/35585/tv
WCAV,37.98431,-78.48084,,https://publicfiles.fcc.gov/api/manager/download/entity/logo/363/tv
WKTC,34.11626,-80.76397,,https://publicfiles.fcc.gov/api/manager/download/entity/logo/40902/tv
KJRR,46.92416,-98.77233,,https://publicfiles.fcc.gov/api/manager/download/entity/logo/55364/tv
KBRR,47.97719,-96.60534,,https://publicfiles.fcc.gov/api/manager/download/entity/logo/55370/tv
KVRR,46.67468,-96.22812,,https://publicfiles.fcc.gov/api/manager/download/entity/logo/55372/tv
WTTV,39.40755,-86.14777,,https://publicfiles.fcc.gov/api/manager/download/entity/logo/56523/tv
WTTK,39.88893,-86.20193,,https://publicfiles.fcc.gov/api/manager/download/entity/logo/56526/tv
WGWW,33.60677,-86.41748,,https://publicfiles.fcc.gov/api/manager/download/entity/logo/56642/tv
WGTQ,46.05224,-84.11057,,https://publicfiles.fcc.gov/api/manager/download/entity/logo/59279/tv
WJKT,35.78952,-89.10395,,https://publicfiles.fcc.gov/api/manager/download/entity/logo/68519/tv
KSNC,38.43168,-98.77203,,https://publicfiles.fcc.gov/api/manager/download/entity/logo/72359/tv
KLKN,40.88307,-97.3056,http://www.klkntv.com,https://publicfiles.fcc.gov/api/manager/download/entity/logo/11264/tv
WCCT-TV,41.70371,-72.83204,http://www.ct.com,https://publicfiles.fcc.gov/api/manager/download/entity/logo/14050/tv
KNVA,30.32604,-97.79973,http://www.theCW.com,https://publicfiles.fcc.gov/api/manager/download/entity/logo/144/tv
KCBA,36.75607,-121.50383,http://www.kcba.com,https://publicfiles.fcc.gov/api/manager/download/entity/logo/14867/tv
KECI-TV,47.0177,-114.014,http://www.keci.com,https://publicfiles.fcc.gov/api/manager/download/entity/logo/18084/tv
KSBW,36.75635,-121.50244,http://www.ksbw.com,https://publicfiles.fcc.gov/api/manager/download/entity/logo/19653/tv
WFXP,42.04033,-80.06894,http://yourerie.com/,https://publicfiles.fcc.gov/api/manager/download/entity/logo/19707/tv
KTHV,34.79926,-92.50016,http://www.thv11.com,https://publicfiles.fcc.gov/api/manager/download/entity/logo/2787/tv
WDRB,38.35007,-85.84913,http://www.wdrb.com/,https://publicfiles.fcc.gov/api/manager/download/entity/logo/28476/tv
WBKI,38.35007,-85.84913,http://www.wmyo.com/,https://publicfiles.fcc.gov/api/manager/download/entity/logo/34167/tv
KMCB,43.39383,-124.13464,http://www.kmtr.com,https://publicfiles.fcc.gov/api/manager/download/entity/logo/35183/tv
KTCW,43.20578,-123.36791,http://www.kmtr.com,https://publicfiles.fcc.gov/api/manager/download/entity/logo/35187/tv
KMVT,42.72963,-114.41532,http://www.kmvt.com,https://publicfiles.fcc.gov/api/manager/download/entity/logo/35200/tv
KTVU,37.75521,-122.45275,http://WWW.KTVU.COM,https://publicfiles.fcc.gov/api/manager/download/entity/logo/35703/tv
WVLT-TV,35.99564,-83.9563,http://www.wvlt.tv,https://publicfiles.fcc.gov/api/manager/download/entity/logo/35908/tv
WLBZ,44.73618,-68.67087,http://www.WLBZ2.com,https://publicfiles.fcc.gov/api/manager/download/entity/logo/39644/tv
WCSH,43.85841,-70.71089,http://www.WCSH6.com,https://publicfiles.fcc.gov/api/manager/download/entity/logo/39664/tv
KCTV,39.07056,-94.58273,http://www.kctv5.com,https://publicfiles.fcc.gov/api/manager/download/entity/logo/41230/tv
KJRW,40.72716,-123.97369,http://www.kviq.com,https://publicfiles.fcc.gov/api/manager/download/entity/logo/42640/tv
WAGM-TV,46.55115,-67.80891,http://wagmtv.com,https://publicfiles.fcc.gov/api/manager/download/entity/logo/48305/tv
KRQE,35.21115,-106.44975,http://www.krqe.com,https://publicfiles.fcc.gov/api/manager/download/entity/logo/48575/tv
WSEE-TV,42.0645,-80.00505,http://www.wsee.tv,https://publicfiles.fcc.gov/api/manager/download/entity/logo/49711/tv
KBOI-TV,43.75572,-116.09928,http://kboi2.com,https://publicfiles.fcc.gov/api/manager/download/entity/logo/49760/tv
KTVZ,44.07762,-121.33142,http://www.ktvz.com,https://publicfiles.fcc.gov/api/manager/download/entity/logo/55907/tv
KDRV,42.69151,-123.23006,http://www.kdrv.com,https://publicfiles.fcc.gov/api/manager/download/entity/logo/60736/tv
KDKF,42.09709,-121.63416,http://www.kdrv.com,https://publicfiles.fcc.gov/api/manager/download/entity/logo/60740/tv
KPIC,43.23539,-123.32285,http://www.kpic.com,https://publicfiles.fcc.gov/api/manager/download/entity/logo/61551/tv
WCAU,40.04178,-75.23601,http://www.nbc10.com,https://publicfiles.fcc.gov/api/manager/download/entity/logo/63153/tv
WBKB-TV,44.70307,-83.52386,http://wbkb11.com,https://publicfiles.fcc.gov/api/manager/download/entity/logo/67048/tv
WMTV,43.05083,-89.48707,http://www.nbc15.com,https://publicfiles.fcc.gov/api/manager/download/entity/logo/6870/tv
WOGX,29.35942,-82.32816,http://www.wogx.com/,https://publicfiles.fcc.gov/api/manager/download/entity/logo/70651/tv
WGNO,29.94993,-89.95785,http://www.wgno.com/,https://publicfiles.fcc.gov/api/manager/download/entity/logo/72119/tv
WTVG,41.68338,-83.41354,http://www.13abc.com,https://publicfiles.fcc.gov/api/manager/download/entity/logo/74150/tv
WFNA,30.68797,-87.79832,http://www.wkrg.com/,https://publicfiles.fcc.gov/api/manager/download/entity/logo/83943/tv
WFOR-TV,25.96898,-80.22199,http://miami.cbslocal.com/station/cbs4/,https://publicfiles.fcc.gov/api/manager/download/entity/logo/47902/tv
WAWV-TV,39.24254,-87.39141,http://mywabashvalley.com/wawv,https://publicfiles.fcc.gov/api/manager/download/entity/logo/65247/tv
WXYZ-TV,42.47059,-83.25021,http://www.wxyz.com,https://publicfiles.fcc.gov/api/manager/download/entity/logo/10267/tv
WJLA-TV,38.95039,-77.07942,http://www.wjla.com,https://publicfiles.fcc.gov/api/manager/download/entity/logo/1051/tv
KOCO-TV,35.56256,-97.49032,http://www.koco.com,https://publicfiles.fcc.gov/api/manager/download/entity/logo/12508/tv
WYOU,41.18286,-75.87353,http://pahomepage.com/,https://publicfiles.fcc.gov/api/manager/download/entity/logo/17010/tv
WATM-TV,40.5684,-78.44363,http://www.abc23.com,https://publicfiles.fcc.gov/api/manager/download/entity/logo/20287/tv
WDAM-TV,31.4535,-89.28478,http://www.wdam.com/,https://publicfiles.fcc.gov/api/manager/download/entity/logo/21250/tv
WJRT-TV,43.2303,-84.05886,http://www.abc12.com,https://publicfiles.fcc.gov/api/manager/download/entity/logo/21735/tv
WDAZ-TV,48.13833,-97.99343,http://www.wdaz.com,https://publicfiles.fcc.gov/api/manager/download/entity/logo/22124/tv
WDAY-TV,47.00775,-97.20092,http://www.wday.com,https://publicfiles.fcc.gov/api/manager/download/entity/logo/22129/tv
WBNG-TV,42.05869,-75.95131,http://www.wbng.com,https://publicfiles.fcc.gov/api/manager/download/entity/logo/23337/tv
WGBC,32.32778,-88.69193,http://wgbctv.com/#nbc,https://publicfiles.fcc.gov/api/manager/download/entity/logo/24314/tv
WCYB-TV,36.44956,-82.10791,http://www.wcyb.com,https://publicfiles.fcc.gov/api/manager/download/entity/logo/2455/tv
WEEK-TV,40.62945,-89.54804,http://www.week.com,https://publicfiles.fcc.gov/api/manager/download/entity/logo/24801/tv
KVEW,46.10319,-119.13362,http://www.kvewtv.com,https://publicfiles.fcc.gov/api/manager/download/entity/logo/2495/tv
WBZ-TV,42.31038,-71.23672,http://cbsboston.com,https://publicfiles.fcc.gov/api/manager/download/entity/logo/25456/tv
KESQ-TV,33.86613,-116.4364,http://www.kesq.com,https://publicfiles.fcc.gov/api/manager/download/entity/logo/25577/tv
WGME-TV,43.92452,-70.49061,http://www.wgme.com,https://publicfiles.fcc.gov/api/manager/download/entity/logo/25683/tv
WGBA-TV,44.35833,-87.9801,http://www.nbc26.com,https://publicfiles.fcc.gov/api/manager/download/entity/logo/2708/tv
WEUX,44.95663,-91.66767,http://www.wiproud.com,https://publicfiles.fcc.gov/api/manager/download/entity/logo/2709/tv
WLAX,43.80445,-91.37216,http://www.wiproud.com,https://publicfiles.fcc.gov/api/manager/download/entity/logo/2710/tv
WVXF,18.35523,-64.94681,http://www.wvxftv.com/,https://publicfiles.fcc.gov/api/manager/download/entity/logo/3113/tv
KZTV,27.70806,-97.63333,http://www.kztv10.com/,https://publicfiles.fcc.gov/api/manager/download/entity/logo/33079/tv
KADN-TV,30.36242,-92.21485,http://www.kadn.com,https://publicfiles.fcc.gov/api/manager/download/entity/logo/33261/tv
KFBB-TV,47.53551,-111.2847,http://www.kfbb.com,https://publicfiles.fcc.gov/api/manager/download/entity/logo/34412/tv
KLFY-TV,30.32215,-92.28318,http://www.klfy.com,https://publicfiles.fcc.gov/api/manager/download/entity/logo/35059/tv
KTBS-TV,32.68584,-93.93368,http://www.ktbs.com,https://publicfiles.fcc.gov/api/manager/download/entity/logo/35652/tv
KTRK-TV,29.5744,-95.49383,http://www.abc13.com,https://publicfiles.fcc.gov/api/manager/download/entity/logo/35675/tv
KWTX-TV,31.32212,-97.31751,http://www.kwtx.com,https://publicfiles.fcc.gov/api/manager/download/entity/logo/35903/tv
KXAN-TV,30.32604,-97.79973,http://www.kxan.com,https://publicfiles.fcc.gov/api/manager/download/entity/logo/35920/tv
WVII-TV,44.75979,-68.56642,http://www.wvii.com,https://publicfiles.fcc.gov/api/manager/download/entity/logo/3667/tv
WLOV-TV,33.79445,-89.08779,http://www.wlov.com,https://publicfiles.fcc.gov/api/manager/download/entity/logo/37732/tv
WBRZ-TV,30.29686,-91.19372,http://WWW.WBRZ.COM,https://publicfiles.fcc.gov/api/manager/download/entity/logo/38616/tv
WANE-TV,41.09394,-85.17997,http://www.wane.com,https://publicfiles.fcc.gov/api/manager/download/entity/logo/39270/tv
KGTV,32.83894,-117.24976,http://www.10news.com,https://publicfiles.fcc.gov/api/manager/download/entity/logo/40876/tv
WSMV-TV,36.14089,-86.86556,http://www.wsmv.com,https://publicfiles.fcc.gov/api/manager/download/entity/logo/41232/tv
KHON-TV,21.291,-157.83559,http://www.khon2.com,https://publicfiles.fcc.gov/api/manager/download/entity/logo/4144/tv
WNDU-TV,41.6056,-86.21278,http://www.wndu.com/,https://publicfiles.fcc.gov/api/manager/download/entity/logo/41674/tv
WVAH-TV,38.40787,-81.90347,http://www.wvah.com,https://publicfiles.fcc.gov/api/manager/download/entity/logo/417/tv
KRGV-TV,26.10099,-97.83958,http://www.krgv.com,https://publicfiles.fcc.gov/api/manager/download/entity/logo/43328/tv
KTMJ-CD,39.06389,-95.76387,http://www.ksnt.com,https://publicfiles.fcc.gov/api/manager/download/entity/logo/43649/tv
WCAX-TV,44.52561,-72.81568,http://www.wcax.com,https://publicfiles.fcc.gov/api/manager/download/entity/logo/46728/tv
WTOK-TV,32.32737,-88.69116,http://www.wtok.com,https://publicfiles.fcc.gov/api/manager/download/entity/logo/4686/tv
WHSV-TV,38.60151,-78.63224,http://www.whsv.com,https://publicfiles.fcc.gov/api/manager/download/entity/logo/4688/tv
KHQA-TV,39.97282,-91.33181,http://www.khqa.com,https://publicfiles.fcc.gov/api/manager/download/entity/logo/4690/tv
KSFY-TV,43.51859,-96.53504,http://www.ksfy.com,https://publicfiles.fcc.gov/api/manager/download/entity/logo/48658/tv
WSAV-TV,32.05882,-81.29845,http://www.wsav.com,https://publicfiles.fcc.gov/api/manager/download/entity/logo/48662/tv
KNOE-TV,32.19738,-92.07069,http://www.knoe.com,https://publicfiles.fcc.gov/api/manager/download/entity/logo/48975/tv
KTKA-TV,39.02611,-95.91721,http://www.ktka.com,https://publicfiles.fcc.gov/api/manager/download/entity/logo/49397/tv
WJFW-TV,45.66746,-89.20818,http://www.wjfw.com,https://publicfiles.fcc.gov/api/manager/download/entity/logo/49699/tv
KVIA-TV,31.80539,-106.4836,http://www.kvia.com,https://publicfiles.fcc.gov/api/manager/download/entity/logo/49832/tv
KUAM-TV,13.43282,144.71242,http://www.kuam.com,https://publicfiles.fcc.gov/api/manager/download/entity/logo/51233/tv
KALB-TV,31.03769,-92.49597,http://www.kalb.com,https://publicfiles.fcc.gov/api/manager/download/entity/logo/51598/tv
WKBW-TV,42.63751,-78.61972,http://www.wkbw.com,https://publicfiles.fcc.gov/api/manager/download/entity/logo/54176/tv
WGEM-TV,39.95116,-91.33154,http://www.wgem.com,https://publicfiles.fcc.gov/api/manager/download/entity/logo/54275/tv
KDLV-TV,43.75916,-98.41259,http://www.kdlt.com,https://publicfiles.fcc.gov/api/manager/download/entity/logo/55375/tv
KDLT-TV,43.50497,-96.55643,http://www.kdlt.com,https://publicfiles.fcc.gov/api/manager/download/entity/logo/55379/tv
WJHL-TV,36.43205,-82.13735,http://www.wjhl.com,https://publicfiles.fcc.gov/api/manager/download/entity/logo/57826/tv
WNCT-TV,35.36544,-77.39357,http://www.wnct.com,https://publicfiles.fcc.gov/api/manager/download/entity/logo/57838/tv
WTOC-TV,32.05409,-81.35011,http://www.wtoc.com,https://publicfiles.fcc.gov/api/manager/download/entity/logo/590/tv
WITN-TV,35.36544,-77.39357,http://www.witn.com,https://publicfiles.fcc.gov/api/manager/download/entity/logo/594/tv
WCPO-TV,39.12506,-84.49883,http://www.wcpo.com,https://publicfiles.fcc.gov/api/manager/download/entity/logo/59438/tv
KJRH-TV,36.02093,-95.67581,http://www.kjrh.com,https://publicfiles.fcc.gov/api/manager/download/entity/logo/59439/tv
WPTV-TV,26.58924,-80.21199,http://www.wptv.com,https://publicfiles.fcc.gov/api/manager/download/entity/logo/59443/tv
WICZ-TV,42.05619,-75.94381,http://www.wicz.com,https://publicfiles.fcc.gov/api/manager/download/entity/logo/62210/tv
WIBW-TV,39.00611,-96.04944,http://www.wibw.com,https://publicfiles.fcc.gov/api/manager/download/entity/logo/63160/tv
KGWN-TV,41.10026,-105.00692,http://www.kgwn.tv,https://publicfiles.fcc.gov/api/manager/download/entity/logo/63166/tv
WFLA-TV,27.84253,-82.26231,http://www.wfla.com,https://publicfiles.fcc.gov/api/manager/download/entity/logo/64592/tv
WORA-TV,18.1489,-66.9889,http://www.woratv.com,https://publicfiles.fcc.gov/api/manager/download/entity/logo/64865/tv
WVBT,36.82098,-76.51078,http://www.fox43tv.com,https://publicfiles.fcc.gov/api/manager/download/entity/logo/65387/tv
KOMU-TV,38.88809,-92.26352,http://www.komu.com,https://publicfiles.fcc.gov/api/manager/download/entity/logo/65583/tv
WISN-TV,43.11168,-87.92842,http://www.wisn.com,https://publicfiles.fcc.gov/api/manager/download/entity/logo/65680/tv
WTAE-TV,40.28035,-79.80282,http://www.wtae.com,https://publicfiles.fcc.gov/api/manager/download/entity/logo/65681/tv
KMBC-TV,39.08362,-94.51607,http://www.kmbc.com,https://publicfiles.fcc.gov/api/manager/download/entity/logo/65686/tv
WHO-DT,41.80915,-93.61494,http://www.whotv.com,https://publicfiles.fcc.gov/api/manager/download/entity/logo/66221/tv
KFOR-TV,35.59783,-97.48976,http://www.kfor.com,https://publicfiles.fcc.gov/api/manager/download/entity/logo/66222/tv
WSPA-TV,35.17011,-82.29067,http://www.wspa.com,https://publicfiles.fcc.gov/api/manager/download/entity/logo/66391/tv
KBSH-DT,38.88362,-99.33788,http://www.kwch.com,https://publicfiles.fcc.gov/api/manager/download/entity/logo/66415/tv
KBTX-TV,30.55464,-96.03107,http://www.kbtx.com,https://publicfiles.fcc.gov/api/manager/download/entity/logo/6669/tv
WILX-TV,42.44254,-84.57247,http://www.wilx.com,https://publicfiles.fcc.gov/api/manager/download/entity/logo/6863/tv
WSAW-TV,44.92052,-89.69123,http://www.wsaw.com,https://publicfiles.fcc.gov/api/manager/download/entity/logo/6867/tv
WTRF-TV,40.06146,-80.75203,http://www.wtrf.com,https://publicfiles.fcc.gov/api/manager/download/entity/logo/6869/tv
KWQC-TV,41.31226,-90.37957,http://www.kwqc.com,https://publicfiles.fcc.gov/api/manager/download/entity/logo/6885/tv
KEYC-TV,43.93718,-94.41163,http://www.keyc.com,https://publicfiles.fcc.gov/api/manager/download/entity/logo/68853/tv
KBCW,37.75521,-122.45275,http://www.kbcwtv.com,https://publicfiles.fcc.gov/api/manager/download/entity/logo/69619/tv
WATE-TV,36.00369,-83.94269,http://www.wate.com,https://publicfiles.fcc.gov/api/manager/download/entity/logo/71082/tv
WAVY-TV,36.82098,-76.51078,http://www.wavy.com,https://publicfiles.fcc.gov/api/manager/download/entity/logo/71127/tv
WENY-TV,42.14202,-77.07747,http://www.weny.com,https://publicfiles.fcc.gov/api/manager/download/entity/logo/71508/tv
WFMJ-TV,41.08006,-80.64007,http://WWW.WFMJ.COM,https://publicfiles.fcc.gov/api/manager/download/entity/logo/72062/tv
WHP-TV,40.34537,-76.86886,http://www.cbs21.com,https://publicfiles.fcc.gov/api/manager/download/entity/logo/72313/tv
WHTM-TV,40.3162,-76.94998,http://www.abc27.com,https://publicfiles.fcc.gov/api/manager/download/entity/logo/72326/tv
WKRN-TV,36.04728,-86.83028,http://www.wkrn.com,https://publicfiles.fcc.gov/api/manager/download/entity/logo/73188/tv
WLEX-TV,38.03424,-84.3941,http://www.lex18.com,https://publicfiles.fcc.gov/api/manager/download/entity/logo/73203/tv
WLFI-TV,40.38892,-86.61278,http://www.wlfi.com,https://publicfiles.fcc.gov/api/manager/download/entity/logo/73204/tv
WNEP-TV,41.18258,-75.87047,http://www.wnep.com,https://publicfiles.fcc.gov/api/manager/download/entity/logo/73318/tv
WRDW-TV,33.41014,-81.84345,http://www.wrdw.com,https://publicfiles.fcc.gov/api/manager/download/entity/logo/73937/tv
WSBT-TV,41.61671,-86.21695,http://www.wsbt.com,https://publicfiles.fcc.gov/api/manager/download/entity/logo/73983/tv
WSET-TV,37.31514,-79.63476,http://www.wset.com,https://publicfiles.fcc.gov/api/manager/download/entity/logo/73988/tv
WRIC-TV,37.51265,-77.60138,http://www.wric.com,https://publicfiles.fcc.gov/api/manager/download/entity/logo/74416/tv
WBAY-TV,44.40971,-88.00177,http://www.wbay.com,https://publicfiles.fcc.gov/api/manager/download/entity/logo/74417/tv
KOLN,40.80306,-97.18143,http://www.1011now.com,https://publicfiles.fcc.gov/api/manager/download/entity/logo/7890/tv
KGIN,40.58724,-98.80313,http://www.1011now.com,https://publicfiles.fcc.gov/api/manager/download/entity/logo/7894/tv
WBSF,43.47414,-83.84578,http://www.theCW46.com,https://publicfiles.fcc.gov/api/manager/download/entity/logo/82627/tv
KFJX,37.22089,-94.70718,http://www.fox14tv.com,https://publicfiles.fcc.gov/api/manager/download/entity/logo/83992/tv
WPVI-TV,40.04261,-75.24212,http://www.6abc.com,https://publicfiles.fcc.gov/api/manager/download/entity/logo/8616/tv
WLUC-TV,46.33633,-87.84902,http://www.UpperMichigansSource.com,https://publicfiles.fcc.gov/api/manager/download/entity/logo/21259/tv
KCBS-TV,34.22723,-118.06757,http://losangeles.cbslocal.com/station/cbs-kcal/,https://publicfiles.fcc.gov/api/manager/download/entity/logo/9628/tv
KVCT,28.84527,-97.1261,,https://publicfiles.fcc.gov/api/manager/download/entity/logo/35846/tv
WHLT,31.40573,-89.237,http://www.whlt.com,https://publicfiles.fcc.gov/api/manager/download/entity/logo/48668/tv
WZZM,43.30974,-85.91255,http://wzzm13.com,https://publicfiles.fcc.gov/api/manager/download/entity/logo/49713/tv
WFSB,41.7751,-72.8051,http://www.wfsb.com,https://publicfiles.fcc.gov/api/manager/download/entity/logo/53115/tv
WKCF,28.58711,-81.08242,http://cw18tv.com,https://publicfiles.fcc.gov/api/manager/download/entity/logo/53465/tv
KSNW,37.7739,-97.51449,http://www.ksn.com,https://publicfiles.fcc.gov/api/manager/download/entity/logo/72358/tv
KMYS,29.61078,-98.89281,http://CW35.TV,https://publicfiles.fcc.gov/api/manager/download/entity/logo/51518/tv
WVNY,44.52589,-72.8154,http://www.myChamplainValley.com,https://publicfiles.fcc.gov/api/manager/download/entity/logo/11259/tv
WHBF-TV,41.54698,-90.47652,http://www.OurQuadcities.com,https://publicfiles.fcc.gov/api/manager/download/entity/logo/13950/tv
KHSL-TV,39.95794,-121.7147,http://www.ActionNewsNow.com,https://publicfiles.fcc.gov/api/manager/download/entity/logo/24508/tv
KHSD-TV,44.32498,-103.8377,http://www.blackhillsfox.com,https://publicfiles.fcc.gov/api/manager/download/entity/logo/34348/tv
KGBT-TV,26.14946,-97.82227,http://www.valleycentral.com,https://publicfiles.fcc.gov/api/manager/download/entity/logo/34457/tv
WJAX-TV,30.28132,-81.56987,http://www.actionnewsjax.com,https://publicfiles.fcc.gov/api/manager/download/entity/logo/35576/tv
KSAZ-TV,33.33421,-112.06265,http://www.fox10phoenix.com,https://publicfiles.fcc.gov/api/manager/download/entity/logo/35587/tv
KVII-TV,35.37505,-101.88269,http://www.abc7amarillo.com,https://publicfiles.fcc.gov/api/manager/download/entity/logo/40446/tv
WTAT-TV,32.94017,-79.69563,http://www.foxcharleston.com,https://publicfiles.fcc.gov/api/manager/download/entity/logo/416/tv
KPRC-TV,29.56885,-95.49967,http://www.click2houston.com,https://publicfiles.fcc.gov/api/manager/download/entity/logo/53117/tv
KJTV-TV,33.50231,-101.87267,http://www.myfoxlubbock.com,https://publicfiles.fcc.gov/api/manager/download/entity/logo/55031/tv
KAYU-TV,47.57878,-117.29715,http://www.myfoxspokane.com,https://publicfiles.fcc.gov/api/manager/download/entity/logo/58684/tv
KSWB-TV,32.69644,-116.93697,http://Www.fox5sandiego.com,https://publicfiles.fcc.gov/api/manager/download/entity/logo/58827/tv
WFTS-TV,27.84253,-82.26231,http://www.abcactionnews.com,https://publicfiles.fcc.gov/api/manager/download/entity/logo/64588/tv
KAMR-TV,35.34255,-101.82296,http://www.myhighplains.com,https://publicfiles.fcc.gov/api/manager/download/entity/logo/8523/tv
KXRM-TV,38.74524,-104.86217,http://www.coloradoconnection.com,https://publicfiles.fcc.gov/api/manager/download/entity/logo/35991/tv
WFFF-TV,44.52589,-72.8154,http://www.MyChamplainValley.com,https://publicfiles.fcc.gov/api/manager/download/entity/logo/10132/tv
KSNK,39.83,-100.70196,http://ksn.com/,https://publicfiles.fcc.gov/api/manager/download/entity/logo/72362/tv
KAGS-LD,30.68853,-96.42663,,https://publicfiles.fcc.gov/api/manager/download/entity/logo/10246/tv
WSJP-LD,18.40439,-67.15157,,https://publicfiles.fcc.gov/api/manager/download/entity/logo/127507/tv
KJCT-LP,39.04859,-108.2523,,https://publicfiles.fcc.gov/api/manager/download/entity/logo/128473/tv
KSNL-LD,38.84139,-97.66781,,https://publicfiles.fcc.gov/api/manager/download/entity/logo/168675/tv
WNBD-LD,33.37318,-90.54037,,https://publicfiles.fcc.gov/api/manager/download/entity/logo/181137/tv
WIFR-LD,41.88992,-89.14101,,https://publicfiles.fcc.gov/api/manager/download/entity/logo/183744/tv
WPBI-LD,40.76559,-87.05155,,https://publicfiles.fcc.gov/api/manager/download/entity/logo/184193/tv
WNBJ-LD,35.60313,-88.79784,,https://publicfiles.fcc.gov/api/manager/download/entity/logo/185218/tv
KSWL-LD,30.22132,-93.31127,,https://publicfiles.fcc.gov/api/manager/download/entity/logo/185296/tv
W29EE-D,18.27356,-66.09433,,https://publicfiles.fcc.gov/api/manager/download/entity/logo/187427/tv
KNPG-LD,39.74999,-94.84052,,https://publicfiles.fcc.gov/api/manager/download/entity/logo/188055/tv
KNPN-LD,39.74999,-94.84052,,https://publicfiles.fcc.gov/api/manager/download/entity/logo/188056/tv
K17DL-D,36.74784,-93.27713,,https://publicfiles.fcc.gov/api/manager/download/entity/logo/23969/tv
WYMT-TV,37.19398,-83.18101,,https://publicfiles.fcc.gov/api/manager/download/entity/logo/24915/tv
WFQX-TV,44.13668,-85.34255,,https://publicfiles.fcc.gov/api/manager/download/entity/logo/25396/tv
KPLR-TV,38.57447,-90.32564,,https://publicfiles.fcc.gov/api/manager/download/entity/logo/35417/tv
KQDS-TV,46.79355,-92.11769,,https://publicfiles.fcc.gov/api/manager/download/entity/logo/35525/tv
WSAZ-TV,38.51009,-82.21931,,https://publicfiles.fcc.gov/api/manager/download/entity/logo/36912/tv
WVAW-LD,37.98431,-78.48084,,https://publicfiles.fcc.gov/api/manager/download/entity/logo/4687/tv
WAHU-CD,37.98431,-78.48084,,https://publicfiles.fcc.gov/api/manager/download/entity/logo/47705/tv
KFXV-LD,26.08869,-98.06251,,https://publicfiles.fcc.gov/api/manager/download/entity/logo/49038/tv
WTVR-TV,37.51281,-77.60104,,https://publicfiles.fcc.gov/api/manager/download/entity/logo/57832/tv
WBMA-LD,33.44122,-86.88388,,https://publicfiles.fcc.gov/api/manager/download/entity/logo/60214/tv
WKAQ-TV,18.11329,-66.05267,,https://publicfiles.fcc.gov/api/manager/download/entity/logo/64983/tv
KHDS-LD,38.84084,-97.66893,,https://publicfiles.fcc.gov/api/manager/download/entity/logo/65527/tv
WCVB-TV,42.31038,-71.23617,,https://publicfiles.fcc.gov/api/manager/download/entity/logo/65684/tv
WYFX-LD,41.05673,-80.64535,,https://publicfiles.fcc.gov/api/manager/download/entity/logo/68398/tv
WFDC-DT,38.94011,-77.08137,,https://publicfiles.fcc.gov/api/manager/download/entity/logo/69532/tv
WIRT-DT,47.38132,-92.95436,,https://publicfiles.fcc.gov/api/manager/download/entity/logo/71336/tv
WFLI-TV,35.20951,-85.27746,,https://publicfiles.fcc.gov/api/manager/download/entity/logo/72060/tv
WSFX-TV,34.13156,-78.18777,,https://publicfiles.fcc.gov/api/manager/download/entity/logo/72871/tv
WBXX-TV,36.10924,-84.33798,,https://publicfiles.fcc.gov/api/manager/download/entity/logo/72971/tv
WSYM-TV,42.46754,-84.65165,,https://publicfiles.fcc.gov/api/manager/download/entity/logo/74094/tv
WBFF,39.33622,-76.64941,http://www.FOXbaltimore.com,https://publicfiles.fcc.gov/api/manager/download/entity/logo/10758/tv
KSAS-TV,37.77779,-97.51088,http://www.foxkansas.com,https://publicfiles.fcc.gov/api/manager/download/entity/logo/11911/tv
KAAS-TV,39.10444,-97.38808,http://www.foxkansas.com,https://publicfiles.fcc.gov/api/manager/download/entity/logo/11912/tv
KOMO-TV,47.63176,-122.35374,http://www.komonews.com,https://publicfiles.fcc.gov/api/manager/download/entity/logo/21656/tv
WFLD,41.87892,-87.63616,http://www.fox32chicago.com,https://publicfiles.fcc.gov/api/manager/download/entity/logo/22211/tv
WEEK-TV,40.62945,-89.54804,http://www.CINewsNow.com,https://publicfiles.fcc.gov/api/manager/download/entity/logo/24801/tv
WWCW,37.3207,-79.63253,http://www.virginiafirst.com,https://publicfiles.fcc.gov/api/manager/download/entity/logo/24812/tv
KION-TV,36.53468,-121.62272,http://Kionrightnow.com,https://publicfiles.fcc.gov/api/manager/download/entity/logo/26249/tv
WWMB,34.36738,-79.33005,http://www.carolinalive.com,https://publicfiles.fcc.gov/api/manager/download/entity/logo/3133/tv
WDFX-TV,31.20795,-85.61355,http://www.wdfxfox34.com,https://publicfiles.fcc.gov/api/manager/download/entity/logo/32851/tv
WTVF,36.26811,-86.78778,http://www.newschannel5.com,https://publicfiles.fcc.gov/api/manager/download/entity/logo/36504/tv
KCLO-TV,44.07027,-103.25074,http://www.keloland.com,https://publicfiles.fcc.gov/api/manager/download/entity/logo/41969/tv
KNOP-TV,41.20361,-100.7332,http://www.knopnews2.com,https://publicfiles.fcc.gov/api/manager/download/entity/logo/49273/tv
KTVF,64.87873,-148.05632,http://www.webcenter11.com,https://publicfiles.fcc.gov/api/manager/download/entity/logo/49621/tv
KCWI-TV,41.82999,-93.61522,http://www.weareiowa.com,https://publicfiles.fcc.gov/api/manager/download/entity/logo/51502/tv
KVLY-TV,47.3422,-97.28926,http://valleynewslive.com,https://publicfiles.fcc.gov/api/manager/download/entity/logo/61961/tv
KXVA,32.27541,-99.59008,http://www.fox15abilene.com,https://publicfiles.fcc.gov/api/manager/download/entity/logo/62293/tv
WKMG-TV,28.61,-81.05951,http://www.clickorlando.com,https://publicfiles.fcc.gov/api/manager/download/entity/logo/71293/tv
WEYI-TV,43.21697,-83.72135,http://www.nbc25news.com,https://publicfiles.fcc.gov/api/manager/download/entity/logo/72052/tv
WFMY-TV,35.87041,-79.84003,http://www.wfmynews2.com,https://publicfiles.fcc.gov/api/manager/download/entity/logo/72064/tv
WJBK,42.46059,-83.21382,http://www.myfoxdetroit.com,https://publicfiles.fcc.gov/api/manager/download/entity/logo/73123/tv
WOLF-TV,41.63203,-75.42546,http://www.myfoxnepa.com,https://publicfiles.fcc.gov/api/manager/download/entity/logo/73375/tv
WTMJ-TV,43.0914,-87.90203,http://www.todaystmj4.com,https://publicfiles.fcc.gov/api/manager/download/entity/logo/74098/tv
WTOG,27.82975,-82.2662,http://cwtampa.cbslocal.com/,https://publicfiles.fcc.gov/api/manager/download/entity/logo/74112/tv
KJTL,34.20148,-98.72951,http://texomashomepage.com/,https://publicfiles.fcc.gov/api/manager/download/entity/logo/7675/tv
WCBS-TV,40.7131,-74.01272,http://www.cbsnewyork.com,https://publicfiles.fcc.gov/api/manager/download/entity/logo/9610/tv
WJMN-TV,46.13468,-86.94876,http://www.upmatters.com,https://publicfiles.fcc.gov/api/manager/download/entity/logo/9630/tv
WFRV-TV,44.3336,-87.98232,http://wearegreenbay.com/,https://publicfiles.fcc.gov/api/manager/download/entity/logo/9635/tv
KFCT,40.6422,-104.81858,http://kdvr.com,https://publicfiles.fcc.gov/api/manager/download/entity/logo/125/tv
WMDT,38.50178,-75.73538,http://wmdt.com,https://publicfiles.fcc.gov/api/manager/download/entity/logo/16455/tv
KTTW,43.50525,-96.57227,http://kttw.com,https://publicfiles.fcc.gov/api/manager/download/entity/logo/28521/tv
KSWT,33.05504,-114.8283,http://KSWT.com,https://publicfiles.fcc.gov/api/manager/download/entity/logo/33639/tv
WLTZ,32.45792,-84.88549,http://WLTZ.com,https://publicfiles.fcc.gov/api/manager/download/entity/logo/37179/tv
WLKY,38.36907,-85.82985,http://wlky.com,https://publicfiles.fcc.gov/api/manager/download/entity/logo/53939/tv
KSNG,37.7778,-100.86933,http://ksn.com/,https://publicfiles.fcc.gov/api/manager/download/entity/logo/72361/tv
WMTW,43.84563,-70.76145,http://WMTW.com,https://publicfiles.fcc.gov/api/manager/download/entity/logo/73288/tv
KIDK,43.72102,-111.94247,http://www.localnews8.com/kidk,https://publicfiles.fcc.gov/api/manager/download/entity/logo/56028/tv
KDVR,39.72832,-105.23768,http://kdvr.com,https://publicfiles.fcc.gov/api/manager/download/entity/logo/126/tv
WHIO-TV,39.73395,-84.248,http://whio.com,https://publicfiles.fcc.gov/api/manager/download/entity/logo/41458/tv
WPRI-TV,41.87677,-71.282,http://wpri.com,https://publicfiles.fcc.gov/api/manager/download/entity/logo/47404/tv
WDBJ,37.19513,-80.15615,http://wdbj7.com,https://publicfiles.fcc.gov/api/manager/download/entity/logo/71329/tv
WJXX,30.27357,-81.55342,http://www.firstcoastnews.com,https://publicfiles.fcc.gov/api/manager/download/entity/logo/11893/tv
KWYB,46.00659,-112.44252,http://www.abcfoxmontana.com,https://publicfiles.fcc.gov/api/manager/download/entity/logo/14674/tv
KTMF,47.01937,-114.01372,http://www.abcfoxmontana.com,https://publicfiles.fcc.gov/api/manager/download/entity/logo/14675/tv
WPBN-TV,44.74806,-85.06894,http://www.upnorthlive.com,https://publicfiles.fcc.gov/api/manager/download/entity/logo/21253/tv
WTOM-TV,45.65029,-84.34364,http://www.upnorthlive.com,https://publicfiles.fcc.gov/api/manager/download/entity/logo/21254/tv
WJZ-TV,39.33483,-76.65052,http://www.cbsbaltimore.com,https://publicfiles.fcc.gov/api/manager/download/entity/logo/25455/tv
KNVN,40.25849,-122.09111,http://www.ActionNewsNow.com,https://publicfiles.fcc.gov/api/manager/download/entity/logo/33745/tv
WLUK-TV,44.40888,-87.99205,http://www.fox11online.com,https://publicfiles.fcc.gov/api/manager/download/entity/logo/4150/tv
WETM-TV,42.10619,-76.87107,http://www.mytwintiers.com,https://publicfiles.fcc.gov/api/manager/download/entity/logo/60653/tv
WOLO-TV,34.11626,-80.76397,http://www.abccolumbia.com,https://publicfiles.fcc.gov/api/manager/download/entity/logo/60963/tv
WTLV,30.27357,-81.55342,http://www.firstcoastnews.com,https://publicfiles.fcc.gov/api/manager/download/entity/logo/65046/tv
KIFI-TV,43.50102,-112.66277,http://www.localnews8.com,https://publicfiles.fcc.gov/api/manager/download/entity/logo/66258/tv
KFSM-TV,35.83036,-94.15687,http://www.5newsonline.com,https://publicfiles.fcc.gov/api/manager/download/entity/logo/66469/tv
WWJ-TV,42.44809,-83.17298,http://detroit.cbslocal.com,https://publicfiles.fcc.gov/api/manager/download/entity/logo/72123/tv
WNAC-TV,41.87677,-71.282,http://www.foxprovidence.com,https://publicfiles.fcc.gov/api/manager/download/entity/logo/73311/tv
KWKT-TV,31.31489,-97.32695,http://www.centexproud.com/,https://publicfiles.fcc.gov/api/manager/download/entity/logo/12522/tv
KARK-TV,34.79926,-92.49988,http://arkansasmatters.com/,https://publicfiles.fcc.gov/api/manager/download/entity/logo/33440/tv
KFDX-TV,33.88982,-98.55867,http://texomashomepage.com/,https://publicfiles.fcc.gov/api/manager/download/entity/logo/65370/tv
KSNF,37.07589,-94.55467,http://fourstateshomepage.com/,https://publicfiles.fcc.gov/api/manager/download/entity/logo/67766/tv
WAGA-TV,33.7976,-84.33381,http://www.myfoxatlanta.com/,https://publicfiles.fcc.gov/api/manager/download/entity/logo/70689/tv
KMGH-TV,39.73082,-105.23221,http://www.thedenverchannel.com,https://publicfiles.fcc.gov/api/manager/download/entity/logo/40875/tv
WOHL-CD,40.74755,-84.13189,http://www.hometownstations.com,https://publicfiles.fcc.gov/api/manager/download/entity/logo/68549/tv
WOAI-TV,29.26996,-98.26557,http://www.news4sanantonio.com,https://publicfiles.fcc.gov/api/manager/download/entity/logo/69618/tv
WHBQ-TV,35.17481,-89.84536,http://www.myfoxmemphis.com,https://publicfiles.fcc.gov/api/manager/download/entity/logo/12521/tv
KJUD,58.30106,-134.44233,http://www.youralaskalink.com,https://publicfiles.fcc.gov/api/manager/download/entity/logo/13814/tv
WPDE-TV,34.36738,-79.33005,http://www.carolinalive.com,https://publicfiles.fcc.gov/api/manager/download/entity/logo/17012/tv
KLAS-TV,35.94553,-115.04332,http://www.lasvegasnow.com,https://publicfiles.fcc.gov/api/manager/download/entity/logo/35042/tv
KWBA-TV,31.75898,-110.80147,http://www.thecwtucson.com,https://publicfiles.fcc.gov/api/manager/download/entity/logo/35095/tv
KVIH-TV,34.19286,-103.2794,http://www.abc7amarillo.com,https://publicfiles.fcc.gov/api/manager/download/entity/logo/40450/tv
KBTV-TV,30.15577,-93.98629,http://www.fox4beaumont.com,https://publicfiles.fcc.gov/api/manager/download/entity/logo/61214/tv
WDKY-TV,37.88091,-84.32104,http://www.foxlexington.com,https://publicfiles.fcc.gov/api/manager/download/entity/logo/64017/tv
KSTW,47.61538,-122.30929,http://cwseattle.cbslocal.com/,https://publicfiles.fcc.gov/api/manager/download/entity/logo/23428/tv
KTAL-TV,32.90319,-94.00574,http://arklatexhomepage.com/,https://publicfiles.fcc.gov/api/manager/download/entity/logo/35648/tv
WBBM-TV,41.87892,-87.63561,http://chicago.cbslocal.com/,https://publicfiles.fcc.gov/api/manager/download/entity/logo/9617/tv
WOVA-LD,39.35007,-81.5654,,https://publicfiles.fcc.gov/api/manager/download/entity/logo/125125/tv
WMNS-LD,18.35134,-64.9757,,https://publicfiles.fcc.gov/api/manager/download/entity/logo/125735/tv
WHPM-LD,31.3074,-89.41312,,https://publicfiles.fcc.gov/api/manager/download/entity/logo/127263/tv
KMOL-LD,28.84527,-97.1261,,https://publicfiles.fcc.gov/api/manager/download/entity/logo/128455/tv
WVGN-LD,18.3569,-64.97015,,https://publicfiles.fcc.gov/api/manager/download/entity/logo/130029/tv
WIYE-LD,39.35007,-81.5654,,https://publicfiles.fcc.gov/api/manager/download/entity/logo/130392/tv
WEEV-LD,37.8881,-87.54362,,https://publicfiles.fcc.gov/api/manager/download/entity/logo/188022/tv
WRGX-LD,30.91991,-85.7416,,https://publicfiles.fcc.gov/api/manager/download/entity/logo/191163/tv
KXTS-LD,28.84527,-97.1261,,https://publicfiles.fcc.gov/api/manager/download/entity/logo/31516/tv
KWYB-LD,45.67327,-110.868,,https://publicfiles.fcc.gov/api/manager/download/entity/logo/38576/tv
WTVQ-DT,38.03424,-84.3941,,https://publicfiles.fcc.gov/api/manager/download/entity/logo/51597/tv
KQFX-LD,38.77475,-92.5563,,https://publicfiles.fcc.gov/api/manager/download/entity/logo/56176/tv
WHIZ-TV,39.9284,-81.98514,,https://publicfiles.fcc.gov/api/manager/download/entity/logo/61216/tv
KGBD-LD,38.40612,-98.7223,,https://publicfiles.fcc.gov/api/manager/download/entity/logo/65534/tv
WSHM-LD,42.1199,-72.41036,,https://publicfiles.fcc.gov/api/manager/download/entity/logo/67980/tv
KAVU-TV,28.84527,-97.1261,,https://publicfiles.fcc.gov/api/manager/download/entity/logo/73101/tv
KSL-TV,40.65911,-112.20272,http://www.ksl.com/index.php?nid=10,https://publicfiles.fcc.gov/api/manager/download/entity/logo/6359/tv
KRCW-TV,45.51595,-122.73399,http://www.nw32.com/,https://publicfiles.fcc.gov/api/manager/download/entity/logo/10192/tv
KCEN-TV,31.27379,-97.22111,http://www.kcentv.com,https://publicfiles.fcc.gov/api/manager/download/entity/logo/10245/tv
KCAU-TV,42.58638,-96.23252,http://www.kcautv.com,https://publicfiles.fcc.gov/api/manager/download/entity/logo/11265/tv
WGMB-TV,30.32658,-91.27678,http://www.fox44.com/,https://publicfiles.fcc.gov/api/manager/download/entity/logo/12520/tv
KMSS-TV,32.66626,-93.93324,http://www.kmsstv.com,https://publicfiles.fcc.gov/api/manager/download/entity/logo/12525/tv
WABC-TV,40.7131,-74.01272,http://www.7online.com,https://publicfiles.fcc.gov/api/manager/download/entity/logo/1328/tv
WWTI,43.87979,-75.71936,http://www.informnny.com,https://publicfiles.fcc.gov/api/manager/download/entity/logo/16747/tv
WNYF-CD,43.95423,-75.72881,http://www.wwnytv.com,https://publicfiles.fcc.gov/api/manager/download/entity/logo/168478/tv
WCTI-TV,35.10433,-77.33635,http://www.wcti12.com,https://publicfiles.fcc.gov/api/manager/download/entity/logo/18334/tv
KSNB-TV,40.75195,-97.45144,http://www.nbcneb.com,https://publicfiles.fcc.gov/api/manager/download/entity/logo/21161/tv
WICU-TV,42.06394,-80.00561,http://www.wicu12.com,https://publicfiles.fcc.gov/api/manager/download/entity/logo/24970/tv
WZDX,34.73676,-86.53305,http://rocketcitynow.com,https://publicfiles.fcc.gov/api/manager/download/entity/logo/28119/tv
WCWJ,30.27691,-81.56287,http://www.news4jax.com/,https://publicfiles.fcc.gov/api/manager/download/entity/logo/29712/tv
WHAS-TV,38.35646,-85.84774,http://www.whas11.com,https://publicfiles.fcc.gov/api/manager/download/entity/logo/32327/tv
KEYE-TV,30.32223,-97.80379,http://www.keyetv.com,https://publicfiles.fcc.gov/api/manager/download/entity/logo/33691/tv
KING-TV,47.63176,-122.35096,http://www.king5.com,https://publicfiles.fcc.gov/api/manager/download/entity/logo/34847/tv
KFXA,42.09027,-92.08713,http://www.fox28iowa.com,https://publicfiles.fcc.gov/api/manager/download/entity/logo/35336/tv
KULR-TV,45.75967,-108.45458,http://www.kulr8.com,https://publicfiles.fcc.gov/api/manager/download/entity/logo/35724/tv
WOOD-TV,42.68745,-85.50974,http://www.woodtv.com,https://publicfiles.fcc.gov/api/manager/download/entity/logo/36838/tv
WISH-TV,39.89032,-86.20555,http://www.wishtv.com,https://publicfiles.fcc.gov/api/manager/download/entity/logo/39269/tv
WRLH-TV,37.51265,-77.6011,http://foxrichmond.com,https://publicfiles.fcc.gov/api/manager/download/entity/logo/412/tv
KAII-TV,20.65709,-156.35996,http://www.KHON2.com,https://publicfiles.fcc.gov/api/manager/download/entity/logo/4145/tv
WMAZ-TV,32.75292,-83.55879,http://www.13wmaz.com,https://publicfiles.fcc.gov/api/manager/download/entity/logo/46991/tv
KXAS-TV,32.58541,-96.96862,http://www.nbcdfw.com,https://publicfiles.fcc.gov/api/manager/download/entity/logo/49330/tv
WXXV-TV,30.74686,-89.05838,http://www.wxxv25.com,https://publicfiles.fcc.gov/api/manager/download/entity/logo/53517/tv
KXMD-TV,48.14169,-103.89326,http://www.kxnet.com,https://publicfiles.fcc.gov/api/manager/download/entity/logo/55683/tv
KXMB-TV,46.58972,-100.80596,http://www.kxnet.com,https://publicfiles.fcc.gov/api/manager/download/entity/logo/55686/tv
KDNL-TV,38.58061,-90.32928,http://abcstlouis.com,https://publicfiles.fcc.gov/api/manager/download/entity/logo/56524/tv
KABB,29.29135,-98.27029,http://foxsanantonio.com,https://publicfiles.fcc.gov/api/manager/download/entity/logo/56528/tv
KOVR,38.23992,-121.5019,http://cbssacramento.com,https://publicfiles.fcc.gov/api/manager/download/entity/logo/56550/tv
WAAY-TV,34.73676,-86.53305,http://www.waaytv.com,https://publicfiles.fcc.gov/api/manager/download/entity/logo/57292/tv
KFVS-TV,37.42949,-89.50398,http://www.kfvs12.com,https://publicfiles.fcc.gov/api/manager/download/entity/logo/592/tv
KHOG-TV,36.01591,-94.08354,http://www.4029tv.com,https://publicfiles.fcc.gov/api/manager/download/entity/logo/60354/tv
KMIZ,38.77475,-92.55638,http://www.abc17news.com,https://publicfiles.fcc.gov/api/manager/download/entity/logo/63164/tv
WBBJ-TV,35.63785,-88.69256,http://www.wbbjtv.com,https://publicfiles.fcc.gov/api/manager/download/entity/logo/65204/tv
WBAL-TV,39.33483,-76.65052,http://www.wbaltv.com,https://publicfiles.fcc.gov/api/manager/download/entity/logo/65696/tv
WTWC-TV,30.68075,-83.97239,http://www.wtwc40.com,https://publicfiles.fcc.gov/api/manager/download/entity/logo/66908/tv
WTVT,27.81919,-82.24037,http://myfoxtampabay.com,https://publicfiles.fcc.gov/api/manager/download/entity/logo/68569/tv
WWNY-TV,43.95423,-75.72881,http://www.wwnytv.com,https://publicfiles.fcc.gov/api/manager/download/entity/logo/68851/tv
WCHS-TV,38.40787,-81.90347,http://www.wchstv.com,https://publicfiles.fcc.gov/api/manager/download/entity/logo/71280/tv
WEAR-TV,30.61269,-87.64526,http://www.weartv.com,https://publicfiles.fcc.gov/api/manager/download/entity/logo/71363/tv
WCWF,44.3336,-87.98232,http://www.cw14online.com,https://publicfiles.fcc.gov/api/manager/download/entity/logo/73042/tv
WJAC-TV,40.37146,-78.98197,http://www.wjactv.com,https://publicfiles.fcc.gov/api/manager/download/entity/logo/73120/tv
WHAM-TV,43.13534,-77.58389,http://www.13wham.com,https://publicfiles.fcc.gov/api/manager/download/entity/logo/73371/tv
WSWB,41.43591,-75.72853,http://www.thecwwswb.com,https://publicfiles.fcc.gov/api/manager/download/entity/logo/73374/tv
KPOB-TV,36.80117,-90.45178,http://www.wsiltv.com,https://publicfiles.fcc.gov/api/manager/download/entity/logo/73998/tv
WSOC-TV,35.26181,-80.72674,http://www.wsoctv.com,https://publicfiles.fcc.gov/api/manager/download/entity/logo/74070/tv
KLSR-TV,44.00096,-123.1137,http://oregonsfox.com,https://publicfiles.fcc.gov/api/manager/download/entity/logo/8322/tv
WNBW-DT,29.62997,-82.57345,http://www.mycbs4.com,https://publicfiles.fcc.gov/api/manager/download/entity/logo/83965/tv
WSFL-TV,25.96898,-80.22199,http://sfltv.net,https://publicfiles.fcc.gov/api/manager/download/entity/logo/10203/tv
WVFX,39.30064,-80.34342,http://www.wdtv.com,https://publicfiles.fcc.gov/api/manager/download/entity/logo/10976/tv
WTSP,27.81967,-82.26056,http://www.wtsp.com,https://publicfiles.fcc.gov/api/manager/download/entity/logo/11290/tv
WDAF-TV,39.0725,-94.59607,http://fox4kc.com,https://publicfiles.fcc.gov/api/manager/download/entity/logo/11291/tv
KPVI-DT,42.92014,-112.34653,http://kpvi.com,https://publicfiles.fcc.gov/api/manager/download/entity/logo/1270/tv
KPTH,43.25552,-94.97666,http://www.kpth.com,https://publicfiles.fcc.gov/api/manager/download/entity/logo/127822/tv
KTWO-TV,42.74052,-106.36003,http://k2tv.com,https://publicfiles.fcc.gov/api/manager/download/entity/logo/18286/tv
WZVN-TV,26.82323,-81.76469,http://abc-7.com,https://publicfiles.fcc.gov/api/manager/download/entity/logo/19183/tv
KTTV,34.22473,-118.06424,http://myfoxla.com,https://publicfiles.fcc.gov/api/manager/download/entity/logo/22208/tv
WLNE-TV,41.8651,-71.287,http://www.abc6.com,https://publicfiles.fcc.gov/api/manager/download/entity/logo/22591/tv
WJBF,33.40575,-81.83347,http://www.wjbf.com,https://publicfiles.fcc.gov/api/manager/download/entity/logo/27140/tv
KABC-TV,34.22695,-118.06701,http://abc7.com,https://publicfiles.fcc.gov/api/manager/download/entity/logo/282/tv
KCCI,41.80971,-93.62133,http://www.kcci.com,https://publicfiles.fcc.gov/api/manager/download/entity/logo/33710/tv
KTEN,34.35954,-96.55972,http://www.kten.com,https://publicfiles.fcc.gov/api/manager/download/entity/logo/35666/tv
KMYU,37.06331,-113.57468,http://www.kmyu.tv,https://publicfiles.fcc.gov/api/manager/download/entity/logo/35822/tv
KXII,34.03288,-96.80028,http://www.kxii.com,https://publicfiles.fcc.gov/api/manager/download/entity/logo/35954/tv
KMOT,48.21556,-101.3185,http://www.kmot.com,https://publicfiles.fcc.gov/api/manager/download/entity/logo/41425/tv
WTVY,30.91991,-85.7416,http://www.wtvy.com/,https://publicfiles.fcc.gov/api/manager/download/entity/logo/4152/tv
WBKO,37.06365,-86.43527,http://www.wbko.com,https://publicfiles.fcc.gov/api/manager/download/entity/logo/4692/tv
WLWT,39.12423,-84.52161,http://www.wlwt.com,https://publicfiles.fcc.gov/api/manager/download/entity/logo/46979/tv
WTKR,36.80876,-76.50328,http://WWW.WTKR.COM,https://publicfiles.fcc.gov/api/manager/download/entity/logo/47401/tv
KOCB,35.5495,-97.48865,http://www.cwokc.com,https://publicfiles.fcc.gov/api/manager/download/entity/logo/50170/tv
WCMH-TV,39.97118,-83.02768,http://nbc4i.com,https://publicfiles.fcc.gov/api/manager/download/entity/logo/50781/tv
WGAL,40.03454,-76.61858,http://www.wgal.com,https://publicfiles.fcc.gov/api/manager/download/entity/logo/53930/tv
KFRE-TV,37.07689,-119.43458,http://kmph.com,https://publicfiles.fcc.gov/api/manager/download/entity/logo/59013/tv
WXCW,26.78609,-81.79589,http://www.wxcw.com,https://publicfiles.fcc.gov/api/manager/download/entity/logo/61504/tv
WTVJ,25.96926,-80.22171,http://www.nbc6.com,https://publicfiles.fcc.gov/api/manager/download/entity/logo/63154/tv
WSVN,25.96704,-80.21171,http://www.wsvn.com,https://publicfiles.fcc.gov/api/manager/download/entity/logo/63840/tv
KLBY,39.2525,-101.35294,http://www.kake.com,https://publicfiles.fcc.gov/api/manager/download/entity/logo/65523/tv
WOWT,41.31111,-96.02724,http://www.wowt.com,https://publicfiles.fcc.gov/api/manager/download/entity/logo/65528/tv
KUPK,37.6503,-100.66877,http://www.kake.com,https://publicfiles.fcc.gov/api/manager/download/entity/logo/65535/tv
WDTN,39.71867,-84.25605,http://www.wdtn.com,https://publicfiles.fcc.gov/api/manager/download/entity/logo/65690/tv
WMBB,30.35242,-85.39103,http://www.wmbb.com,https://publicfiles.fcc.gov/api/manager/download/entity/logo/66398/tv
WBTW,34.36794,-79.32227,http://www.wbtw.com,https://publicfiles.fcc.gov/api/manager/download/entity/logo/66407/tv
KSNT,39.09278,-95.78471,http://www.ksnt.com,https://publicfiles.fcc.gov/api/manager/download/entity/logo/67335/tv
WWLP,42.08482,-72.70343,http://www.wwlp.com,https://publicfiles.fcc.gov/api/manager/download/entity/logo/6868/tv
WDTV,39.30064,-80.34342,http://www.wdtv.com,https://publicfiles.fcc.gov/api/manager/download/entity/logo/70592/tv
WFXL,31.33129,-83.86184,http://www.wfxl.com,https://publicfiles.fcc.gov/api/manager/download/entity/logo/70815/tv
WDSU,29.94993,-89.95785,http://www.wdsu.com,https://publicfiles.fcc.gov/api/manager/download/entity/logo/71357/tv
WCWN,42.62536,-74.01013,http://cwalbany.com,https://publicfiles.fcc.gov/api/manager/download/entity/logo/73264/tv
WTNH,41.42293,-72.95091,http://www.wtnh.com,https://publicfiles.fcc.gov/api/manager/download/entity/logo/74109/tv
WTVA,33.79456,-89.08784,http://www.wtva.com,https://publicfiles.fcc.gov/api/manager/download/entity/logo/74148/tv
KYMA-DT,33.05282,-114.82857,http://kyma.com,https://publicfiles.fcc.gov/api/manager/download/entity/logo/74449/tv
WMOW,45.57302,-88.88261,http://www.waow.com,https://publicfiles.fcc.gov/api/manager/download/entity/logo/81503/tv
KFSN-TV,37.07717,-119.4343,http://abc30.com,https://publicfiles.fcc.gov/api/manager/download/entity/logo/8620/tv
WGNT,36.81237,-76.46189,http://www.wgnt.com,https://publicfiles.fcc.gov/api/manager/download/entity/logo/9762/tv
KETK-TV,32.06127,-95.31412,http://www.easttexasmatters.com,https://publicfiles.fcc.gov/api/manager/download/entity/logo/55643/tv
KFXK-TV,32.25988,-94.95077,http://www.easttexasmatters.com,https://publicfiles.fcc.gov/api/manager/download/entity/logo/70917/tv
KFFX-TV,45.74764,-118.03855,http://www.myfoxtricities.com,https://publicfiles.fcc.gov/api/manager/download/entity/logo/12729/tv
KTUU-TV,61.42223,-149.87444,http://www.ktuu.com,https://publicfiles.fcc.gov/api/manager/download/entity/logo/10173/tv
KSNV,36.00775,-115.00749,http://www.news3lv.com,https://publicfiles.fcc.gov/api/manager/download/entity/logo/10179/tv
WMSN-TV,43.05583,-89.53512,http://www.fox47.com,https://publicfiles.fcc.gov/api/manager/download/entity/logo/10221/tv
KOKI-TV,36.02677,-95.67943,http://www.fox23.com,https://publicfiles.fcc.gov/api/manager/download/entity/logo/11910/tv
KLRT-TV,34.79926,-92.49182,http://www.fox16.com,https://publicfiles.fcc.gov/api/manager/download/entity/logo/11951/tv
WTIC-TV,41.70371,-72.83204,http://www.foxct.com,https://publicfiles.fcc.gov/api/manager/download/entity/logo/147/tv
KTVM-TV,46.00743,-112.44252,http://www.ktvm.com,https://publicfiles.fcc.gov/api/manager/download/entity/logo/18066/tv
KCFW-TV,48.01328,-114.36624,http://www.kcfw.com,https://publicfiles.fcc.gov/api/manager/download/entity/logo/18079/tv
KQTV,39.76999,-94.7983,http://stjoechannel.com/,https://publicfiles.fcc.gov/api/manager/download/entity/logo/20427/tv
KXVO,41.07111,-96.22557,http://www.cw15KXVO.com,https://publicfiles.fcc.gov/api/manager/download/entity/logo/23277/tv
KTVT,32.54347,-96.95917,http://dfw.cbslocal.com,https://publicfiles.fcc.gov/api/manager/download/entity/logo/23422/tv
KXGN-TV,47.04418,-104.68176,http://www.kxgn.com,https://publicfiles.fcc.gov/api/manager/download/entity/logo/24287/tv
KWTV-DT,35.59783,-97.48976,http://www.news9.com,https://publicfiles.fcc.gov/api/manager/download/entity/logo/25382/tv
KPIX-TV,37.75521,-122.45275,http://www.kpix.com,https://publicfiles.fcc.gov/api/manager/download/entity/logo/25452/tv
KTXS-TV,32.41346,-100.10732,http://www.ktxs.com,https://publicfiles.fcc.gov/api/manager/download/entity/logo/308/tv
KCRA-TV,38.26491,-121.49106,http://www.kcra.com,https://publicfiles.fcc.gov/api/manager/download/entity/logo/33875/tv
KOKH-TV,35.5495,-97.48865,http://www.okcfox.com,https://publicfiles.fcc.gov/api/manager/download/entity/logo/35388/tv
KFXO-CD,44.07762,-121.33142,http://www.ktvz.com,https://publicfiles.fcc.gov/api/manager/download/entity/logo/35464/tv
KVVU-TV,36.0072,-115.00694,http://fox5vegas.com,https://publicfiles.fcc.gov/api/manager/download/entity/logo/35870/tv
KXLF-TV,46.00743,-112.44252,http://www.kxlf.com,https://publicfiles.fcc.gov/api/manager/download/entity/logo/35959/tv
KERO-TV,35.45385,-118.59453,http://turnto23.com,https://publicfiles.fcc.gov/api/manager/download/entity/logo/40878/tv
WXLV-TV,35.86764,-79.82364,http://www.abc45.com,https://publicfiles.fcc.gov/api/manager/download/entity/logo/414/tv
KUMV-TV,48.13391,-103.86048,http://www.kumv.com,https://publicfiles.fcc.gov/api/manager/download/entity/logo/41429/tv
KQCD-TV,46.94807,-102.99073,http://www.kqcd.com,https://publicfiles.fcc.gov/api/manager/download/entity/logo/41430/tv
KHAW-TV,19.71057,-155.1314,http://www.KHON2.com,https://publicfiles.fcc.gov/api/manager/download/entity/logo/4146/tv
WDHN,31.24045,-85.31188,http://dothanfirst.com/,https://publicfiles.fcc.gov/api/manager/download/entity/logo/43846/tv
WMGT-TV,32.75347,-83.56268,http://www.41nbc.com,https://publicfiles.fcc.gov/api/manager/download/entity/logo/43847/tv
KHMT,45.73996,-108.13901,http://yourbigsky.com/,https://publicfiles.fcc.gov/api/manager/download/entity/logo/47670/tv
KBIM-TV,33.05567,-103.82051,http://www.krqe.com,https://publicfiles.fcc.gov/api/manager/download/entity/logo/48556/tv
KREZ-TV,37.26278,-107.90068,http://www.krqe.com,https://publicfiles.fcc.gov/api/manager/download/entity/logo/48589/tv
KPRY-TV,44.05193,-100.08457,http://www.ksfy.com,https://publicfiles.fcc.gov/api/manager/download/entity/logo/48660/tv
KCBY-TV,43.39039,-124.13066,http://www.kcby.com,https://publicfiles.fcc.gov/api/manager/download/entity/logo/49750/tv
KVAL-TV,44.00179,-123.11592,http://www.kval.com,https://publicfiles.fcc.gov/api/manager/download/entity/logo/49766/tv
KECY-TV,33.05532,-114.82968,http://www.kyma.com,https://publicfiles.fcc.gov/api/manager/download/entity/logo/51208/tv
WTXF-TV,40.04067,-75.23824,http://www.fox29.com,https://publicfiles.fcc.gov/api/manager/download/entity/logo/51568/tv
KRDO-TV,38.74588,-104.86086,http://www.krdo.com,https://publicfiles.fcc.gov/api/manager/download/entity/logo/52579/tv
KIEM-TV,40.73041,-123.95311,http://kiem-tv.com/,https://publicfiles.fcc.gov/api/manager/download/entity/logo/53382/tv
KOAT-TV,35.21477,-106.45086,http://www.koat.com,https://publicfiles.fcc.gov/api/manager/download/entity/logo/53928/tv
KXMA-TV,46.7264,-102.91629,http://www.kxnet.com,https://publicfiles.fcc.gov/api/manager/download/entity/logo/55684/tv
WUTR,43.14535,-75.17572,http://cnyhomepage.com/,https://publicfiles.fcc.gov/api/manager/download/entity/logo/57837/tv
KOAA-TV,38.74499,-104.86136,http://www.koaa.com,https://publicfiles.fcc.gov/api/manager/download/entity/logo/59014/tv
KSHB-TV,38.97834,-94.53384,http://www.kshb.com/,https://publicfiles.fcc.gov/api/manager/download/entity/logo/59444/tv
KEYT-TV,34.52555,-119.95875,http://www.keyt.com,https://publicfiles.fcc.gov/api/manager/download/entity/logo/60637/tv
KXLY-TV,47.92157,-117.11437,http://www.kxly.com,https://publicfiles.fcc.gov/api/manager/download/entity/logo/61978/tv
KCOY-TV,34.91026,-120.18793,http://www.kcoy.com,https://publicfiles.fcc.gov/api/manager/download/entity/logo/63165/tv
WFXT,42.30288,-71.21811,http://boston25news.com,https://publicfiles.fcc.gov/api/manager/download/entity/logo/6463/tv
WJET-TV,42.04033,-80.06894,http://yourerie.com/,https://publicfiles.fcc.gov/api/manager/download/entity/logo/65749/tv
KBSD-DT,37.64113,-100.34459,http://www.kwch.com,https://publicfiles.fcc.gov/api/manager/download/entity/logo/66414/tv
KBSL-DT,39.46944,-101.55572,http://www.kwch.com,https://publicfiles.fcc.gov/api/manager/download/entity/logo/66416/tv
WLMT,35.27592,-89.77731,http://localmemphis.com,https://publicfiles.fcc.gov/api/manager/download/entity/logo/68518/tv
KRHD-CD,30.75742,-96.46802,http://www.abc40.com,https://publicfiles.fcc.gov/api/manager/download/entity/logo/68538/tv
KOSA-TV,31.86401,-102.57848,http://www.cbs7.com,https://publicfiles.fcc.gov/api/manager/download/entity/logo/6865/tv
KMSP-TV,45.0583,-93.12439,http://www.myfox9.com,https://publicfiles.fcc.gov/api/manager/download/entity/logo/68883/tv
WVIR-TV,37.98403,-78.48112,http://www.nbc29.com,https://publicfiles.fcc.gov/api/manager/download/entity/logo/70309/tv
WTHI-TV,39.24337,-87.3853,http://www.wthitv.com,https://publicfiles.fcc.gov/api/manager/download/entity/logo/70655/tv
WBBH-TV,26.82323,-81.76469,http://www.nbc-2.com,https://publicfiles.fcc.gov/api/manager/download/entity/logo/71085/tv
WDIO-DT,46.78744,-92.12269,http://www.wdio.com/,https://publicfiles.fcc.gov/api/manager/download/entity/logo/71338/tv
WGCL-TV,33.80733,-84.33937,http://www.cbs46.com,https://publicfiles.fcc.gov/api/manager/download/entity/logo/72120/tv
WTVO,42.28724,-89.17094,http://mystateline.com/,https://publicfiles.fcc.gov/api/manager/download/entity/logo/72945/tv
WPGH-TV,40.49535,-80.0045,http://www.wpgh53.com,https://publicfiles.fcc.gov/api/manager/download/entity/logo/73875/tv
KTNV-TV,35.94581,-115.04388,http://www.KTNV.com,https://publicfiles.fcc.gov/api/manager/download/entity/logo/74100/tv
WTOV-TV,40.34257,-80.62035,http://www.wtov9.com,https://publicfiles.fcc.gov/api/manager/download/entity/logo/74122/tv
WOI-DT,41.80915,-93.61494,http://www.myabc5.com,https://publicfiles.fcc.gov/api/manager/download/entity/logo/8661/tv
WOTV,42.57087,-85.46862,http://www.wotv4women.com,https://publicfiles.fcc.gov/api/manager/download/entity/logo/10212/tv
KUCW,40.65911,-112.20356,http://www.good4utah.com,https://publicfiles.fcc.gov/api/manager/download/entity/logo/1136/tv
KBMT,30.00188,-94.09379,http://www.12newsnow.com/,https://publicfiles.fcc.gov/api/manager/download/entity/logo/168236/tv
WWHO,39.58895,-83.11213,http://www.cwcolumbus.com,https://publicfiles.fcc.gov/api/manager/download/entity/logo/21158/tv
KWNB-TV,40.62556,-101.0296,http://www.nebraska.tv,https://publicfiles.fcc.gov/api/manager/download/entity/logo/21162/tv
KRIS-TV,27.74169,-97.60277,http://www.kristv.com/,https://publicfiles.fcc.gov/api/manager/download/entity/logo/25559/tv
WWTV,44.13668,-85.34255,http://www.9and10news.com,https://publicfiles.fcc.gov/api/manager/download/entity/logo/26994/tv
KFTA-TV,35.71008,-94.1377,http://nwahomepage.com/,https://publicfiles.fcc.gov/api/manager/download/entity/logo/29560/tv
KFOX-TV,31.81538,-106.48943,http://www.kfoxtv.com,https://publicfiles.fcc.gov/api/manager/download/entity/logo/33716/tv
KOTV-DT,36.02093,-95.67581,http://www.newson6.com,https://publicfiles.fcc.gov/api/manager/download/entity/logo/35434/tv
KXLT-TV,43.64274,-92.52656,http://www.myfox47.com,https://publicfiles.fcc.gov/api/manager/download/entity/logo/35906/tv
WRTV,39.89907,-86.20102,http://theindychannel.com,https://publicfiles.fcc.gov/api/manager/download/entity/logo/40877/tv
KFYR-TV,46.60555,-100.80652,http://www.kfyrtv.com,https://publicfiles.fcc.gov/api/manager/download/entity/logo/41427/tv
KPLO-TV,43.90749,-99.6965,http://www.keloland.com,https://publicfiles.fcc.gov/api/manager/download/entity/logo/41964/tv
KLAX-TV,31.56517,-92.55014,http://www.klax-tv.com,https://publicfiles.fcc.gov/api/manager/download/entity/logo/52907/tv
WXII-TV,36.37542,-80.37367,http://www.triad20.com,https://publicfiles.fcc.gov/api/manager/download/entity/logo/53921/tv
WNOL-TV,29.94993,-89.95785,http://www.nola38.com/,https://publicfiles.fcc.gov/api/manager/download/entity/logo/54280/tv
KEPR-TV,46.09736,-119.19251,http://www.keprtv.com,https://publicfiles.fcc.gov/api/manager/download/entity/logo/56029/tv
KDSM-TV,41.82999,-93.61522,http://www.kdsm17.com/,https://publicfiles.fcc.gov/api/manager/download/entity/logo/56527/tv
KOAM-TV,37.22089,-94.70718,http://www.koamtv.com/,https://publicfiles.fcc.gov/api/manager/download/entity/logo/58552/tv
KIDY,31.58932,-100.51704,http://www.myfoxzone.com,https://publicfiles.fcc.gov/api/manager/download/entity/logo/58560/tv
KOLO-TV,39.31352,-119.88436,http://www.kolotv.com,https://publicfiles.fcc.gov/api/manager/download/entity/logo/63331/tv
WISC-TV,43.05583,-89.53512,http://channel3000.com,https://publicfiles.fcc.gov/api/manager/download/entity/logo/65143/tv
KCWY-DT,42.74358,-106.30725,http://www.kcwy13.com,https://publicfiles.fcc.gov/api/manager/download/entity/logo/68713/tv
KTVX,40.65911,-112.20356,http://www.good4utah.com,https://publicfiles.fcc.gov/api/manager/download/entity/logo/68889/tv
WCCU,40.31281,-87.9167,http://www.foxillinois.com,https://publicfiles.fcc.gov/api/manager/download/entity/logo/69544/tv
WVLA-TV,30.32631,-91.27678,http://www.brproud.com,https://publicfiles.fcc.gov/api/manager/download/entity/logo/70021/tv
WFTX-TV,26.79534,-81.80119,http://www.fox4now.com,https://publicfiles.fcc.gov/api/manager/download/entity/logo/70649/tv
WBRE-TV,41.18286,-75.87353,http://pahomepage.com/,https://publicfiles.fcc.gov/api/manager/download/entity/logo/71225/tv
KSCW-DT,38.06046,-97.7638,http://www.kansascw.com,https://publicfiles.fcc.gov/api/manager/download/entity/logo/72348/tv
WJZY,35.36236,-81.15508,http://fox46charlotte.com,https://publicfiles.fcc.gov/api/manager/download/entity/logo/73152/tv
WKBT-DT,44.0911,-91.33807,http://www.news8000.com,https://publicfiles.fcc.gov/api/manager/download/entity/logo/74424/tv
KQCW-DT,35.75232,-95.80443,http://www.tulsacw.com,https://publicfiles.fcc.gov/api/manager/download/entity/logo/78322/tv
KRCR-TV,40.60265,-122.65113,http://www.krcrtv.com,https://publicfiles.fcc.gov/api/manager/download/entity/logo/8291/tv
WCBD-TV,32.94017,-79.69563,http://www.counton2.com,https://publicfiles.fcc.gov/api/manager/download/entity/logo/10587/tv
WPMI-TV,30.6113,-87.60721,http://www.local15tv.com,https://publicfiles.fcc.gov/api/manager/download/entity/logo/11906/tv
WATN-TV,35.27592,-89.77731,http://localmemphis.com,https://publicfiles.fcc.gov/api/manager/download/entity/logo/11907/tv
WFOX-TV,30.28132,-81.56987,http://www.fox30jax.com,https://publicfiles.fcc.gov/api/manager/download/entity/logo/11909/tv
KVEO-TV,26.10063,-97.83916,http://www.rgvproud.com,https://publicfiles.fcc.gov/api/manager/download/entity/logo/12523/tv
WNTZ-TV,31.66906,-91.69179,http://www.cenlanow.com,https://publicfiles.fcc.gov/api/manager/download/entity/logo/16539/tv
KRBK,37.81948,-92.74796,http://www.ozarksfirst.com,https://publicfiles.fcc.gov/api/manager/download/entity/logo/166319/tv
WINK-TV,26.80062,-81.76314,http://www.winknews.com,https://publicfiles.fcc.gov/api/manager/download/entity/logo/22093/tv
KYW-TV,40.04261,-75.24212,http://www.cbsphilly.com,https://publicfiles.fcc.gov/api/manager/download/entity/logo/25453/tv
KNWA-TV,36.41335,-93.95487,http://nwahomepage.com/,https://publicfiles.fcc.gov/api/manager/download/entity/logo/29557/tv
KMVU-DT,42.29818,-122.7492,http://fox26medford.com,https://publicfiles.fcc.gov/api/manager/download/entity/logo/32958/tv
KGO-TV,37.75521,-122.45275,http://www.abc7news.com,https://publicfiles.fcc.gov/api/manager/download/entity/logo/34470/tv
KMTV-TV,41.30694,-96.02724,http://www.3NewsNow.com,https://publicfiles.fcc.gov/api/manager/download/entity/logo/35190/tv
KTBY,61.21917,-149.89221,http://youralaskalink.com,https://publicfiles.fcc.gov/api/manager/download/entity/logo/35655/tv
WSYT,42.88062,-76.19965,http://www.foxsyracuse.com,https://publicfiles.fcc.gov/api/manager/download/entity/logo/40758/tv
WALA-TV,30.68825,-87.79832,http://www.fox10tv.com/,https://publicfiles.fcc.gov/api/manager/download/entity/logo/4143/tv
WVUE-DT,29.95409,-89.94951,http://www.fox8live.com,https://publicfiles.fcc.gov/api/manager/download/entity/logo/4149/tv
KDLO-TV,44.96552,-97.58981,http://www.keloland.com,https://publicfiles.fcc.gov/api/manager/download/entity/logo/41975/tv
KELO-TV,43.51859,-96.53504,http://www.keloland.com,https://publicfiles.fcc.gov/api/manager/download/entity/logo/41983/tv
KRXI-TV,39.31055,-119.88472,http://www.foxreno.com,https://publicfiles.fcc.gov/api/manager/download/entity/logo/48360/tv
WXIA-TV,33.75677,-84.33187,http://www.11alive.com/,https://publicfiles.fcc.gov/api/manager/download/entity/logo/51163/tv
WQRF-TV,42.28724,-89.17094,http://mystateline.com/,https://publicfiles.fcc.gov/api/manager/download/entity/logo/52408/tv
KLEW-TV,46.45738,-117.09988,http://www.klewtv.com/,https://publicfiles.fcc.gov/api/manager/download/entity/logo/56032/tv
KIVI-TV,43.75572,-116.09928,http://www.kivitv.com/,https://publicfiles.fcc.gov/api/manager/download/entity/logo/59255/tv
KNIN-TV,43.75489,-116.09873,http://www.fox9now.com,https://publicfiles.fcc.gov/api/manager/download/entity/logo/59363/tv
WMAR-TV,39.33483,-76.65052,http://www.abc2news.com,https://publicfiles.fcc.gov/api/manager/download/entity/logo/59442/tv
KRNV-DT,39.31551,-119.88593,http://www.mynews4.com,https://publicfiles.fcc.gov/api/manager/download/entity/logo/60307/tv
KSTS,37.4991,-121.87329,http://www.telemundo48.com,https://publicfiles.fcc.gov/api/manager/download/entity/logo/64987/tv
WCSC-TV,32.9249,-79.69897,http://www.live5news.com,https://publicfiles.fcc.gov/api/manager/download/entity/logo/71297/tv
WHNS,35.18234,-82.68207,http://www.foxcarolina.com,https://publicfiles.fcc.gov/api/manager/download/entity/logo/72300/tv
WSYR-TV,42.94507,-76.02381,http://www.localsyr.com,https://publicfiles.fcc.gov/api/manager/download/entity/logo/73113/tv
KXNW,36.41146,-93.95353,http://www.5newsonline.com,https://publicfiles.fcc.gov/api/manager/download/entity/logo/81593/tv
WMBF-TV,33.73073,-79.07532,http://www.wmbfnews.com,https://publicfiles.fcc.gov/api/manager/download/entity/logo/83969/tv
KNDO,46.5329,-120.5084,http://www.kndo.com,https://publicfiles.fcc.gov/api/manager/download/entity/logo/12395/tv
WCJB-TV,29.53664,-82.39983,http://wcjb.com,https://publicfiles.fcc.gov/api/manager/download/entity/logo/16993/tv
WSB-TV,33.76427,-84.36159,http://wsbtv.com,https://publicfiles.fcc.gov/api/manager/download/entity/logo/23960/tv
WFFT-TV,41.10921,-85.19497,http://wfft.com,https://publicfiles.fcc.gov/api/manager/download/entity/logo/25040/tv
KDKA-TV,40.49396,-80.01894,http://kdka.com,https://publicfiles.fcc.gov/api/manager/download/entity/logo/25454/tv
WSWG,31.17186,-83.36571,http://www.wswg.tv,https://publicfiles.fcc.gov/api/manager/download/entity/logo/28155/tv
KBZK,45.67327,-110.868,http://www.kbzk.com,https://publicfiles.fcc.gov/api/manager/download/entity/logo/33756/tv
KWGN-TV,39.73277,-105.2361,http://kdvr.com,https://publicfiles.fcc.gov/api/manager/download/entity/logo/35883/tv
KYTV,37.17394,-92.94131,http://www.ky3.com,https://publicfiles.fcc.gov/api/manager/download/entity/logo/36003/tv
WUCW,45.06219,-93.13939,http://thecwtc.com,https://publicfiles.fcc.gov/api/manager/download/entity/logo/36395/tv
WLTX,34.0971,-80.76397,http://www.wltx.com,https://publicfiles.fcc.gov/api/manager/download/entity/logo/37176/tv
WABG-TV,33.37318,-90.54037,http://wabg.com,https://publicfiles.fcc.gov/api/manager/download/entity/logo/43203/tv
WJTV,32.2407,-90.40426,http://www.wjtv.com,https://publicfiles.fcc.gov/api/manager/download/entity/logo/48667/tv
WAPT,32.2782,-90.29454,http://www.wapt.com,https://publicfiles.fcc.gov/api/manager/download/entity/logo/49712/tv
KMPH-TV,36.66717,-118.8801,http://kmph.com,https://publicfiles.fcc.gov/api/manager/download/entity/logo/51488/tv
WGRZ,42.71867,-78.5628,http://www.wgrz.com,https://publicfiles.fcc.gov/api/manager/download/entity/logo/64547/tv
WOAY-TV,37.95733,-81.15066,http://woay.com,https://publicfiles.fcc.gov/api/manager/download/entity/logo/66804/tv
WBOC-TV,38.50484,-75.64326,http://wboc.com,https://publicfiles.fcc.gov/api/manager/download/entity/logo/71218/tv
WGBX-TV,42.31038,-71.23617,http://wgbh.org,https://publicfiles.fcc.gov/api/manager/download/entity/logo/72098/tv
WKRG-TV,30.68908,-87.83027,http://wkrg.com,https://publicfiles.fcc.gov/api/manager/download/entity/logo/73187/tv
WMUR-TV,42.98369,-71.58979,http://WMUR.com,https://publicfiles.fcc.gov/api/manager/download/entity/logo/73292/tv
WFXB,34.18877,-79.1831,http://www.wfxb.com,https://publicfiles.fcc.gov/api/manager/download/entity/logo/9054/tv
WMBD-TV,40.63504,-89.53871,http://centralillinoisproud.com/,https://publicfiles.fcc.gov/api/manager/download/entity/logo/42121/tv
WTAP-TV,39.35007,-81.5654,http://www.thenewscenter.tv,https://publicfiles.fcc.gov/api/manager/download/entity/logo/4685/tv
WRDE-LD,38.704,-75.19991,,https://publicfiles.fcc.gov/api/manager/download/entity/logo/168021/tv
KFNR,41.77107,-107.23811,,https://publicfiles.fcc.gov/api/manager/download/entity/logo/21612/tv
KFNE,43.45718,-108.20121,,https://publicfiles.fcc.gov/api/manager/download/entity/logo/21613/tv
KFQX,39.06609,-108.74677,,https://publicfiles.fcc.gov/api/manager/download/entity/logo/31597/tv
KKTV,38.74499,-104.86247,,https://publicfiles.fcc.gov/api/manager/download/entity/logo/35037/tv
KOBF,36.69528,-108.22119,,https://publicfiles.fcc.gov/api/manager/download/entity/logo/35321/tv
KLWY,41.04859,-104.89164,,https://publicfiles.fcc.gov/api/manager/download/entity/logo/40250/tv
KUBD,55.34938,-131.67169,,https://publicfiles.fcc.gov/api/manager/download/entity/logo/60520/tv
KOBR,33.37538,-103.77051,,https://publicfiles.fcc.gov/api/manager/download/entity/logo/62272/tv
KFNB,42.74052,-106.36003,,https://publicfiles.fcc.gov/api/manager/download/entity/logo/74256/tv
KNPL-LD,41.085,-100.7582,,https://publicfiles.fcc.gov/api/manager/download/entity/logo/7891/tv
WHDF,35.00258,-87.13585,http://www.lbgtv.com/category/233177/valleys-cw,https://publicfiles.fcc.gov/api/manager/download/entity/logo/65128/tv